{"cameraMode":{"drawMode":0,"name":"Shaded","section":"Shading Mode"},"sceneLighting":true,"audioPlay":false,"sceneViewState":{"m_AlwaysRefresh":false,"showFog":true,"showSkybox":true,"showFlares":true,"showImageEffects":true,"showParticleSystems":true,"showVisualEffectGraphs":true,"m_FxEnabled":true},"in2DMode":false,"pivot":{"x":-0.40301936864852908,"y":1.135686993598938,"z":-4.08188533782959},"rotation":{"x":-0.12123709917068482,"y":-0.06635720282793045,"z":0.00812326930463314,"w":-0.9903709292411804},"size":2.9599502086639406,"orthographic":false}